Product_ID,Product_Name,Category,Brand,Unit_Cost,Unit_Price,Stock_Quantity
PROD0001,Apex Product 0001,Sports,StyleHub,4398.99,7643.35,355
PROD0002,UrbanX Product 0002,Accessories,DailyChoice,3214.20,6629.94,382
PROD0003,PrimeLife Product 0003,Grocery,StyleHub,4704.66,10198.27,136
PROD0004,StyleHub Product 0004,Grocery,FitMax,4660.97,10240.09,473
PROD0005,Zen Product 0005,Accessories,TechPro,3619.67,6759.53,85
PROD0006,TechPro Product 0006,Electronics,Zen,1465.64,2207.38,52
PROD0007,Nova Product 0007,Accessories,TechPro,3447.09,7130.08,60
PROD0008,PrimeLife Product 0008,Accessories,Zen,1044.41,1918.65,414
PROD0009,Zen Product 0009,Electronics,FitMax,1732.70,2580.85,112
PROD0010,UrbanX Product 0010,Home & Kitchen,TechPro,3813.71,8119.32,303
PROD0011,DailyChoice Product 0011,Beauty,TechPro,4268.10,8258.91,107
PROD0012,Nova Product 0012,Home & Kitchen,Zen,2142.17,3482.03,477
PROD0013,DailyChoice Product 0013,Beauty,PrimeLife,2664.84,4336.27,334
PROD0014,Zen Product 0014,Fashion,PrimeLife,1992.05,4373.99,302
PROD0015,Apex Product 0015,Sports,TechPro,2448.57,3776.66,416
PROD0016,HomeEase Product 0016,Home & Kitchen,UrbanX,2611.19,3260.81,66
PROD0017,HomeEase Product 0017,Sports,PrimeLife,3489.99,5987.04,481
PROD0018,HomeEase Product 0018,Home & Kitchen,UrbanX,3777.57,7853.93,319
PROD0019,DailyChoice Product 0019,Home & Kitchen,HomeEase,4877.58,8602.81,121
PROD0020,DailyChoice Product 0020,Electronics,PrimeLife,2244.49,4450.24,253
PROD0021,Zen Product 0021,Accessories,UrbanX,507.39,612.73,400
PROD0022,StyleHub Product 0022,Beauty,DailyChoice,3472.02,6447.77,299
PROD0023,PrimeLife Product 0023,Fashion,FitMax,2541.54,3134.11,4
PROD0024,StyleHub Product 0024,Grocery,Apex,4221.01,7319.97,349
PROD0025,Apex Product 0025,Sports,DailyChoice,818.07,1368.35,445
PROD0026,DailyChoice Product 0026,Home & Kitchen,Apex,3260.08,6985.98,234
PROD0027,FitMax Product 0027,Accessories,Apex,2350.37,3029.83,498
PROD0028,Zen Product 0028,Sports,TechPro,2154.58,2499.24,446
PROD0029,HomeEase Product 0029,Electronics,PrimeLife,2867.84,3711.62,334
PROD0030,Apex Product 0030,Grocery,Zen,3452.50,4589.21,38
PROD0031,Zen Product 0031,Fashion,DailyChoice,4269.54,6034.81,199
PROD0032,UrbanX Product 0032,Beauty,TechPro,1252.05,2511.42,169
PROD0033,PrimeLife Product 0033,Beauty,StyleHub,1536.16,2374.48,357
PROD0034,PrimeLife Product 0034,Home & Kitchen,Apex,2788.05,5667.54,347
PROD0035,TechPro Product 0035,Grocery,StyleHub,1798.13,2581.27,20
PROD0036,PrimeLife Product 0036,Fashion,FitMax,2884.89,5924.32,174
PROD0037,StyleHub Product 0037,Beauty,FitMax,1080.74,1252.03,73
PROD0038,HomeEase Product 0038,Fashion,Zen,1607.47,3425.94,283
PROD0039,FitMax Product 0039,Sports,HomeEase,1691.73,3270.71,148
PROD0040,UrbanX Product 0040,Electronics,Apex,4962.37,7857.25,112
PROD0041,UrbanX Product 0041,Fashion,UrbanX,4286.31,7527.63,283
PROD0042,Nova Product 0042,Fashion,FitMax,4204.73,8954.68,85
PROD0043,Apex Product 0043,Grocery,Apex,2616.49,4609.44,101
PROD0044,StyleHub Product 0044,Accessories,FitMax,2387.56,3318.70,18
PROD0045,DailyChoice Product 0045,Accessories,HomeEase,443.62,777.01,62
PROD0046,Apex Product 0046,Beauty,FitMax,1066.90,2203.17,115
PROD0047,Nova Product 0047,Books,Nova,4487.20,9812.71,179
PROD0048,PrimeLife Product 0048,Home & Kitchen,DailyChoice,2675.64,4717.92,37
PROD0049,FitMax Product 0049,Grocery,DailyChoice,4938.45,6486.30,301
PROD0050,PrimeLife Product 0050,Home & Kitchen,PrimeLife,2999.76,5880.55,407
PROD0051,StyleHub Product 0051,Books,Apex,1949.69,4282.99,91
PROD0052,Zen Product 0052,Books,StyleHub,1443.14,2377.31,172
PROD0053,PrimeLife Product 0053,Grocery,FitMax,4599.96,7143.37,204
PROD0054,UrbanX Product 0054,Books,StyleHub,1916.59,3315.94,8
PROD0055,Zen Product 0055,Sports,PrimeLife,816.09,1079.69,8
PROD0056,HomeEase Product 0056,Accessories,StyleHub,1463.47,3175.51,20
PROD0057,UrbanX Product 0057,Beauty,Nova,3263.55,6625.83,23
PROD0058,Zen Product 0058,Beauty,Apex,751.75,953.70,94
PROD0059,Apex Product 0059,Electronics,DailyChoice,548.68,1175.46,191
PROD0060,Apex Product 0060,Home & Kitchen,UrbanX,2342.37,5012.58,348
PROD0061,Apex Product 0061,Beauty,PrimeLife,509.89,755.74,295
PROD0062,HomeEase Product 0062,Books,DailyChoice,2025.40,3645.92,457
PROD0063,PrimeLife Product 0063,Sports,PrimeLife,1681.35,2129.08,179
PROD0064,Zen Product 0064,Grocery,FitMax,2018.24,2499.39,387
PROD0065,Apex Product 0065,Electronics,HomeEase,2490.16,4175.71,130
PROD0066,FitMax Product 0066,Accessories,StyleHub,1008.11,1211.91,396
PROD0067,TechPro Product 0067,Home & Kitchen,Apex,2267.88,4691.42,20
PROD0068,Apex Product 0068,Accessories,Zen,1871.44,3975.87,7
PROD0069,Nova Product 0069,Home & Kitchen,StyleHub,3997.82,4880.03,375
PROD0070,Nova Product 0070,Accessories,Zen,3503.98,4203.55,200
PROD0071,FitMax Product 0071,Home & Kitchen,Zen,4375.45,6049.01,365
PROD0072,UrbanX Product 0072,Electronics,PrimeLife,3378.15,7183.49,384
PROD0073,Zen Product 0073,Grocery,Apex,693.32,1357.15,13
PROD0074,Zen Product 0074,Grocery,HomeEase,2584.68,4808.34,331
PROD0075,StyleHub Product 0075,Sports,DailyChoice,3738.10,7345.98,35
PROD0076,StyleHub Product 0076,Grocery,TechPro,4224.22,5742.62,405
PROD0077,DailyChoice Product 0077,Sports,FitMax,988.25,1402.74,372
PROD0078,Nova Product 0078,Accessories,FitMax,1195.16,1773.03,163
PROD0079,UrbanX Product 0079,Beauty,Zen,4324.98,7721.47,44
PROD0080,Nova Product 0080,Beauty,HomeEase,2478.48,4433.09,143
PROD0081,Nova Product 0081,Home & Kitchen,FitMax,2316.87,3171.88,10
PROD0082,TechPro Product 0082,Books,Apex,2521.16,4055.45,322
PROD0083,FitMax Product 0083,Fashion,Nova,949.33,1779.54,353
PROD0084,Zen Product 0084,Beauty,TechPro,3175.42,4684.06,408
PROD0085,FitMax Product 0085,Sports,HomeEase,4059.07,4989.62,345
PROD0086,DailyChoice Product 0086,Home & Kitchen,DailyChoice,4201.60,5702.66,450
PROD0087,UrbanX Product 0087,Sports,TechPro,248.85,329.22,211
PROD0088,StyleHub Product 0088,Home & Kitchen,HomeEase,3604.43,6536.78,414
PROD0089,TechPro Product 0089,Electronics,Zen,547.00,668.42,112
PROD0090,PrimeLife Product 0090,Beauty,Apex,4837.66,10057.43,448
PROD0091,TechPro Product 0091,Books,DailyChoice,2462.98,3050.66,345
PROD0092,TechPro Product 0092,Electronics,Zen,3899.53,6932.60,344
PROD0093,PrimeLife Product 0093,Beauty,HomeEase,3147.10,6690.76,10
PROD0094,DailyChoice Product 0094,Books,PrimeLife,4764.49,5791.45,335
PROD0095,FitMax Product 0095,Books,UrbanX,4870.92,7560.93,339
PROD0096,Zen Product 0096,Books,PrimeLife,1466.51,2191.47,361
PROD0097,UrbanX Product 0097,Sports,HomeEase,2466.06,3727.25,371
PROD0098,PrimeLife Product 0098,Sports,Zen,2570.78,4576.83,165
PROD0099,Zen Product 0099,Fashion,FitMax,970.72,1383.48,257
PROD0100,StyleHub Product 0100,Sports,FitMax,4529.29,5338.62,53
PROD0101,Apex Product 0101,Accessories,Apex,1813.07,3916.94,92
PROD0102,Nova Product 0102,Home & Kitchen,Nova,528.54,1023.37,262
PROD0103,Nova Product 0103,Fashion,Nova,857.21,1107.42,432
PROD0104,FitMax Product 0104,Home & Kitchen,StyleHub,2615.19,4257.31,295
PROD0105,HomeEase Product 0105,Fashion,UrbanX,4420.26,5374.41,44
PROD0106,TechPro Product 0106,Home & Kitchen,TechPro,3178.27,3747.97,437
PROD0107,PrimeLife Product 0107,Fashion,Zen,1152.67,1383.07,216
PROD0108,DailyChoice Product 0108,Beauty,Apex,1554.33,3020.94,188
PROD0109,DailyChoice Product 0109,Books,FitMax,4882.52,7895.87,387
PROD0110,TechPro Product 0110,Beauty,Zen,358.96,731.06,106
PROD0111,FitMax Product 0111,Fashion,DailyChoice,4972.26,7311.59,289
PROD0112,TechPro Product 0112,Electronics,Nova,4538.70,8914.41,472
PROD0113,FitMax Product 0113,Grocery,DailyChoice,3424.57,4218.49,7
PROD0114,StyleHub Product 0114,Accessories,Apex,4721.69,8578.67,31
PROD0115,HomeEase Product 0115,Fashion,TechPro,847.09,1294.89,401
PROD0116,StyleHub Product 0116,Electronics,Zen,4718.69,6797.56,167
PROD0117,HomeEase Product 0117,Books,Apex,1141.62,2289.94,330
PROD0118,HomeEase Product 0118,Home & Kitchen,DailyChoice,2776.44,3344.27,439
PROD0119,StyleHub Product 0119,Fashion,FitMax,2494.93,5356.63,36
PROD0120,TechPro Product 0120,Electronics,Zen,2611.04,5156.34,230
PROD0121,Apex Product 0121,Books,Apex,1410.16,2148.22,182
PROD0122,DailyChoice Product 0122,Fashion,Zen,3925.13,8599.57,291
PROD0123,UrbanX Product 0123,Beauty,Apex,3738.66,5094.35,245
PROD0124,DailyChoice Product 0124,Beauty,Nova,4774.43,7507.96,9
PROD0125,Apex Product 0125,Fashion,DailyChoice,2584.26,5373.00,69
PROD0126,Zen Product 0126,Fashion,PrimeLife,2785.65,6119.09,236
PROD0127,Nova Product 0127,Sports,Nova,4526.53,6341.98,463
PROD0128,StyleHub Product 0128,Books,Apex,4605.25,8889.37,117
PROD0129,Apex Product 0129,Grocery,Zen,3282.73,4828.95,216
PROD0130,PrimeLife Product 0130,Beauty,PrimeLife,4119.94,8053.64,190
PROD0131,PrimeLife Product 0131,Home & Kitchen,HomeEase,2575.18,3300.22,417
PROD0132,Nova Product 0132,Fashion,StyleHub,2002.16,3009.20,350
PROD0133,StyleHub Product 0133,Sports,TechPro,4333.93,5325.31,238
PROD0134,UrbanX Product 0134,Grocery,TechPro,3908.63,6513.70,327
PROD0135,FitMax Product 0135,Books,UrbanX,1287.82,2429.57,400
PROD0136,TechPro Product 0136,Accessories,UrbanX,333.46,516.04,378
PROD0137,TechPro Product 0137,Fashion,StyleHub,2871.44,5155.53,316
PROD0138,Apex Product 0138,Beauty,Apex,4223.92,7381.47,205
PROD0139,DailyChoice Product 0139,Electronics,Apex,1311.29,1913.60,221
PROD0140,StyleHub Product 0140,Accessories,UrbanX,3860.24,6412.31,145
PROD0141,PrimeLife Product 0141,Books,StyleHub,2128.64,2602.20,188
PROD0142,TechPro Product 0142,Electronics,UrbanX,1744.97,2849.38,237
PROD0143,DailyChoice Product 0143,Beauty,Apex,946.80,1544.32,291
PROD0144,Nova Product 0144,Accessories,Apex,4678.04,5520.81,468
PROD0145,FitMax Product 0145,Home & Kitchen,PrimeLife,1205.92,2037.48,436
PROD0146,FitMax Product 0146,Accessories,UrbanX,1468.02,2825.32,222
PROD0147,StyleHub Product 0147,Books,PrimeLife,1724.29,2801.74,245
PROD0148,HomeEase Product 0148,Sports,Apex,1494.84,2733.06,246
PROD0149,StyleHub Product 0149,Fashion,HomeEase,898.24,1535.13,416
PROD0150,Zen Product 0150,Accessories,TechPro,1836.81,3626.67,406
PROD0151,TechPro Product 0151,Fashion,StyleHub,2411.69,4076.19,447
PROD0152,TechPro Product 0152,Grocery,UrbanX,2803.69,4200.46,37
PROD0153,Apex Product 0153,Fashion,HomeEase,866.85,1750.12,452
PROD0154,TechPro Product 0154,Sports,DailyChoice,3919.13,4785.27,206
PROD0155,TechPro Product 0155,Sports,Zen,1626.49,2364.80,413
PROD0156,DailyChoice Product 0156,Beauty,Apex,4597.95,8143.24,399
PROD0157,HomeEase Product 0157,Sports,TechPro,1714.81,3513.35,437
PROD0158,PrimeLife Product 0158,Fashion,DailyChoice,4328.11,5305.18,186
PROD0159,PrimeLife Product 0159,Accessories,HomeEase,1827.41,2285.83,359
PROD0160,Zen Product 0160,Books,TechPro,2578.58,3729.93,476
PROD0161,FitMax Product 0161,Grocery,Nova,1924.54,2909.52,91
PROD0162,PrimeLife Product 0162,Fashion,DailyChoice,1996.77,4064.85,5
PROD0163,TechPro Product 0163,Sports,Zen,3131.05,6753.20,132
PROD0164,HomeEase Product 0164,Sports,PrimeLife,3495.35,4082.88,485
PROD0165,DailyChoice Product 0165,Grocery,HomeEase,4365.32,5090.50,472
PROD0166,HomeEase Product 0166,Beauty,Nova,2888.36,5944.39,91
PROD0167,PrimeLife Product 0167,Electronics,HomeEase,1162.54,1502.46,0
PROD0168,HomeEase Product 0168,Sports,PrimeLife,4948.94,7454.60,269
PROD0169,TechPro Product 0169,Electronics,PrimeLife,3450.49,4965.17,82
PROD0170,Apex Product 0170,Home & Kitchen,StyleHub,1936.29,2799.80,286
PROD0171,Apex Product 0171,Grocery,DailyChoice,4844.20,7242.18,178
PROD0172,PrimeLife Product 0172,Electronics,HomeEase,4796.52,7208.44,376
PROD0173,Apex Product 0173,Accessories,Nova,489.74,882.10,334
PROD0174,Apex Product 0174,Sports,DailyChoice,197.15,356.89,146
PROD0175,StyleHub Product 0175,Fashion,Apex,317.84,540.02,101
PROD0176,DailyChoice Product 0176,Fashion,UrbanX,3458.04,7094.06,287
PROD0177,Apex Product 0177,Accessories,PrimeLife,3583.31,7302.63,312
PROD0178,DailyChoice Product 0178,Sports,Apex,3647.74,5026.87,30
PROD0179,Apex Product 0179,Beauty,UrbanX,3188.17,5486.27,313
PROD0180,TechPro Product 0180,Books,PrimeLife,1498.91,2957.39,484
PROD0181,HomeEase Product 0181,Sports,FitMax,918.93,1893.20,153
PROD0182,FitMax Product 0182,Sports,HomeEase,4646.51,6588.50,47
PROD0183,TechPro Product 0183,Books,UrbanX,4574.39,7633.77,378
PROD0184,Apex Product 0184,Beauty,UrbanX,1288.18,2191.55,40
PROD0185,Zen Product 0185,Beauty,Nova,922.89,1739.30,152
PROD0186,Nova Product 0186,Home & Kitchen,StyleHub,1939.17,2902.50,430
PROD0187,Zen Product 0187,Home & Kitchen,HomeEase,337.19,491.66,181
PROD0188,Nova Product 0188,Home & Kitchen,HomeEase,894.48,1691.35,231
PROD0189,FitMax Product 0189,Beauty,Apex,1963.47,3081.28,120
PROD0190,StyleHub Product 0190,Electronics,PrimeLife,1269.85,1465.69,184
PROD0191,Apex Product 0191,Sports,FitMax,3710.42,7920.78,455
PROD0192,DailyChoice Product 0192,Grocery,PrimeLife,4534.30,5926.91,316
PROD0193,Nova Product 0193,Accessories,Apex,4554.79,5948.86,387
PROD0194,PrimeLife Product 0194,Home & Kitchen,FitMax,3060.96,6150.34,414
PROD0195,HomeEase Product 0195,Accessories,PrimeLife,3547.10,5328.73,119
PROD0196,Nova Product 0196,Accessories,Apex,2520.75,3767.47,351
PROD0197,HomeEase Product 0197,Grocery,HomeEase,818.77,1476.66,225
PROD0198,UrbanX Product 0198,Electronics,Nova,3211.68,3892.53,111
PROD0199,Zen Product 0199,Sports,UrbanX,1814.77,2538.52,194
PROD0200,Apex Product 0200,Accessories,StyleHub,128.39,154.83,296
PROD0201,Zen Product 0201,Books,DailyChoice,2917.27,4247.79,25
PROD0202,UrbanX Product 0202,Books,Zen,1072.01,2212.01,451
PROD0203,Nova Product 0203,Books,TechPro,4443.88,9353.47,193
PROD0204,TechPro Product 0204,Grocery,Apex,4676.33,6897.16,18
PROD0205,UrbanX Product 0205,Electronics,TechPro,894.65,1205.06,342
PROD0206,DailyChoice Product 0206,Books,PrimeLife,244.12,315.41,24
PROD0207,PrimeLife Product 0207,Fashion,Zen,119.82,187.42,46
PROD0208,DailyChoice Product 0208,Fashion,UrbanX,4573.91,9228.90,198
PROD0209,TechPro Product 0209,Books,PrimeLife,844.89,1728.05,263
PROD0210,Zen Product 0210,Grocery,UrbanX,2233.13,2675.79,2
PROD0211,StyleHub Product 0211,Sports,FitMax,380.09,520.61,470
PROD0212,StyleHub Product 0212,Electronics,Nova,1929.39,2630.39,238
PROD0213,HomeEase Product 0213,Electronics,Apex,3948.58,7975.55,288
PROD0214,FitMax Product 0214,Books,Nova,2092.68,3409.20,367
PROD0215,HomeEase Product 0215,Beauty,Apex,3900.34,5994.10,411
PROD0216,DailyChoice Product 0216,Grocery,PrimeLife,3475.31,7487.33,21
PROD0217,Apex Product 0217,Home & Kitchen,DailyChoice,2634.81,5590.08,354
PROD0218,PrimeLife Product 0218,Grocery,Nova,3714.78,5988.64,353
PROD0219,Apex Product 0219,Sports,Zen,4407.66,5662.73,29
PROD0220,TechPro Product 0220,Electronics,Nova,3985.76,5299.28,46
PROD0221,PrimeLife Product 0221,Home & Kitchen,FitMax,3489.48,4423.57,419
PROD0222,Nova Product 0222,Books,PrimeLife,3538.93,6598.44,314
PROD0223,FitMax Product 0223,Accessories,StyleHub,889.38,1540.78,269
PROD0224,TechPro Product 0224,Sports,Zen,4758.29,8253.14,328
PROD0225,PrimeLife Product 0225,Electronics,Apex,1107.75,1388.34,469
PROD0226,TechPro Product 0226,Books,UrbanX,1809.87,3588.86,475
PROD0227,Nova Product 0227,Fashion,StyleHub,2638.13,4517.41,360
PROD0228,HomeEase Product 0228,Electronics,StyleHub,718.29,894.64,269
PROD0229,PrimeLife Product 0229,Fashion,PrimeLife,3008.52,5819.94,462
PROD0230,FitMax Product 0230,Books,HomeEase,995.12,2169.72,439
PROD0231,Zen Product 0231,Fashion,Apex,4624.50,7460.43,484
PROD0232,Apex Product 0232,Beauty,Nova,4454.51,5663.63,151
PROD0233,DailyChoice Product 0233,Accessories,Nova,2767.68,3477.50,225
PROD0234,DailyChoice Product 0234,Accessories,UrbanX,2302.43,2710.36,247
PROD0235,UrbanX Product 0235,Books,StyleHub,602.75,1180.74,304
PROD0236,Apex Product 0236,Books,PrimeLife,4134.17,7766.87,170
PROD0237,StyleHub Product 0237,Beauty,DailyChoice,1958.91,3454.44,236
PROD0238,StyleHub Product 0238,Accessories,PrimeLife,1306.99,2553.74,235
PROD0239,Zen Product 0239,Home & Kitchen,Zen,4976.96,10945.64,258
PROD0240,PrimeLife Product 0240,Sports,TechPro,3374.66,5304.76,278
PROD0241,StyleHub Product 0241,Accessories,FitMax,461.93,873.56,147
PROD0242,StyleHub Product 0242,Home & Kitchen,TechPro,4026.35,6224.82,108
PROD0243,TechPro Product 0243,Grocery,StyleHub,3776.97,5739.71,142
PROD0244,StyleHub Product 0244,Beauty,Apex,2065.88,4221.56,298
PROD0245,FitMax Product 0245,Home & Kitchen,HomeEase,706.08,1238.11,463
PROD0246,PrimeLife Product 0246,Accessories,FitMax,2537.48,3239.46,70
PROD0247,UrbanX Product 0247,Sports,TechPro,3840.26,6043.39,416
PROD0248,DailyChoice Product 0248,Sports,HomeEase,472.47,938.51,310
PROD0249,StyleHub Product 0249,Electronics,Zen,900.86,1925.14,125
PROD0250,Nova Product 0250,Accessories,UrbanX,3132.74,5623.74,466
PROD0251,Zen Product 0251,Home & Kitchen,DailyChoice,2841.77,4444.31,81
PROD0252,Zen Product 0252,Beauty,DailyChoice,4534.93,6415.03,40
PROD0253,DailyChoice Product 0253,Electronics,Zen,4092.48,6519.83,401
PROD0254,Apex Product 0254,Home & Kitchen,Zen,4602.27,8026.07,386
PROD0255,UrbanX Product 0255,Books,HomeEase,2383.20,2751.73,258
PROD0256,StyleHub Product 0256,Sports,HomeEase,3960.22,5671.48,355
PROD0257,DailyChoice Product 0257,Beauty,Zen,338.71,628.34,143
PROD0258,PrimeLife Product 0258,Accessories,StyleHub,1543.01,2865.20,170
PROD0259,TechPro Product 0259,Accessories,TechPro,3256.93,5978.61,278
PROD0260,DailyChoice Product 0260,Books,StyleHub,3842.05,8250.57,470
PROD0261,UrbanX Product 0261,Home & Kitchen,Zen,2895.41,5058.20,142
PROD0262,TechPro Product 0262,Accessories,Nova,2455.61,3519.42,456
PROD0263,Apex Product 0263,Accessories,StyleHub,1243.00,2488.73,126
PROD0264,TechPro Product 0264,Accessories,Nova,953.52,1486.39,57
PROD0265,StyleHub Product 0265,Sports,FitMax,4389.86,6151.31,167
PROD0266,HomeEase Product 0266,Sports,Zen,796.84,1382.19,117
PROD0267,DailyChoice Product 0267,Books,HomeEase,2232.91,3245.50,165
PROD0268,TechPro Product 0268,Home & Kitchen,Nova,4453.56,6974.13,372
PROD0269,DailyChoice Product 0269,Home & Kitchen,Nova,823.79,1546.93,81
PROD0270,Nova Product 0270,Accessories,TechPro,724.98,1591.87,357
PROD0271,HomeEase Product 0271,Beauty,StyleHub,3493.29,6382.13,133
PROD0272,StyleHub Product 0272,Electronics,Apex,1724.72,2484.12,363
PROD0273,DailyChoice Product 0273,Sports,Apex,2234.96,2782.50,484
PROD0274,Nova Product 0274,Electronics,FitMax,3165.41,4843.29,45
PROD0275,Nova Product 0275,Electronics,UrbanX,1956.98,2290.21,261
PROD0276,UrbanX Product 0276,Accessories,TechPro,4019.22,6583.45,468
PROD0277,HomeEase Product 0277,Sports,TechPro,4848.02,8934.82,122
PROD0278,PrimeLife Product 0278,Home & Kitchen,FitMax,4672.00,7883.47,221
PROD0279,HomeEase Product 0279,Sports,HomeEase,2772.71,5707.75,91
PROD0280,UrbanX Product 0280,Books,Zen,1838.60,3068.17,403
PROD0281,Zen Product 0281,Electronics,DailyChoice,2225.29,3639.46,18
PROD0282,HomeEase Product 0282,Accessories,Zen,1717.77,2533.99,269
PROD0283,StyleHub Product 0283,Accessories,DailyChoice,2264.45,4595.69,64
PROD0284,HomeEase Product 0284,Beauty,TechPro,163.57,343.30,218
PROD0285,UrbanX Product 0285,Sports,Zen,370.55,806.62,499
PROD0286,Apex Product 0286,Grocery,StyleHub,3879.55,8458.46,351
PROD0287,Zen Product 0287,Beauty,PrimeLife,1740.58,3793.50,156
PROD0288,HomeEase Product 0288,Home & Kitchen,HomeEase,3992.59,7576.17,414
PROD0289,FitMax Product 0289,Accessories,Nova,2451.73,4267.94,152
PROD0290,DailyChoice Product 0290,Accessories,Apex,4049.00,5389.06,246
PROD0291,Apex Product 0291,Home & Kitchen,HomeEase,3351.56,6553.70,198
PROD0292,StyleHub Product 0292,Books,Apex,1084.91,2084.79,230
PROD0293,TechPro Product 0293,Beauty,StyleHub,2293.84,4666.87,301
PROD0294,Zen Product 0294,Grocery,TechPro,3551.23,5808.30,435
PROD0295,Apex Product 0295,Beauty,Apex,1720.02,3589.75,15
PROD0296,Nova Product 0296,Sports,TechPro,1047.18,1994.47,107
PROD0297,PrimeLife Product 0297,Home & Kitchen,DailyChoice,2745.32,3650.40,394
PROD0298,UrbanX Product 0298,Beauty,UrbanX,1440.88,1970.04,273
PROD0299,HomeEase Product 0299,Fashion,Nova,3012.28,6039.56,363
PROD0300,DailyChoice Product 0300,Sports,TechPro,1431.50,2286.07,183
PROD0301,Zen Product 0301,Accessories,HomeEase,4542.24,6411.21,489
PROD0302,PrimeLife Product 0302,Sports,Zen,1785.12,2844.96,183
PROD0303,UrbanX Product 0303,Fashion,FitMax,4546.51,5998.88,440
PROD0304,UrbanX Product 0304,Grocery,TechPro,1469.46,3065.77,68
PROD0305,HomeEase Product 0305,Accessories,Nova,3061.83,3751.10,249
PROD0306,Zen Product 0306,Home & Kitchen,DailyChoice,738.07,1122.53,375
PROD0307,HomeEase Product 0307,Beauty,PrimeLife,3914.02,6789.94,449
PROD0308,Apex Product 0308,Beauty,HomeEase,1081.07,2234.93,457
PROD0309,DailyChoice Product 0309,Home & Kitchen,Zen,4333.70,8540.10,217
PROD0310,StyleHub Product 0310,Grocery,FitMax,2316.98,2719.08,87
PROD0311,StyleHub Product 0311,Accessories,Apex,563.24,1135.78,345
PROD0312,Nova Product 0312,Fashion,StyleHub,1881.34,3424.09,271
PROD0313,Zen Product 0313,Fashion,Zen,3920.66,5057.71,216
PROD0314,Zen Product 0314,Accessories,DailyChoice,473.85,852.15,357
PROD0315,UrbanX Product 0315,Grocery,Nova,3166.07,6359.97,389
PROD0316,PrimeLife Product 0316,Fashion,FitMax,2585.60,4608.10,179
PROD0317,Apex Product 0317,Accessories,UrbanX,1618.36,3558.94,124
PROD0318,TechPro Product 0318,Sports,Nova,3802.53,6397.20,375
PROD0319,FitMax Product 0319,Accessories,TechPro,356.96,662.80,182
PROD0320,TechPro Product 0320,Grocery,HomeEase,2538.44,3106.78,331
PROD0321,HomeEase Product 0321,Beauty,FitMax,2583.63,5177.23,328
PROD0322,DailyChoice Product 0322,Electronics,Nova,523.39,944.88,432
PROD0323,UrbanX Product 0323,Sports,Nova,766.51,1333.19,489
PROD0324,FitMax Product 0324,Accessories,Zen,2107.31,3991.77,199
PROD0325,Apex Product 0325,Sports,UrbanX,2728.96,4744.39,183
PROD0326,Zen Product 0326,Beauty,DailyChoice,360.66,705.01,478
PROD0327,HomeEase Product 0327,Home & Kitchen,TechPro,157.61,277.82,296
PROD0328,PrimeLife Product 0328,Grocery,StyleHub,1043.76,1770.28,223
PROD0329,FitMax Product 0329,Grocery,PrimeLife,2490.27,3216.86,454
PROD0330,UrbanX Product 0330,Books,Nova,297.37,489.30,479
PROD0331,Nova Product 0331,Beauty,Nova,3692.85,6333.78,361
PROD0332,Nova Product 0332,Home & Kitchen,DailyChoice,844.45,1524.91,439
PROD0333,FitMax Product 0333,Beauty,TechPro,3885.79,6328.73,376
PROD0334,UrbanX Product 0334,Sports,PrimeLife,1103.19,1438.53,88
PROD0335,Apex Product 0335,Grocery,Apex,1798.44,2352.15,224
PROD0336,UrbanX Product 0336,Books,Nova,2447.56,4667.59,498
PROD0337,TechPro Product 0337,Grocery,PrimeLife,1801.63,3323.14,446
PROD0338,DailyChoice Product 0338,Fashion,TechPro,215.73,306.87,117
PROD0339,UrbanX Product 0339,Sports,HomeEase,4552.01,7365.84,155
PROD0340,TechPro Product 0340,Accessories,DailyChoice,1503.69,2213.89,458
PROD0341,Zen Product 0341,Sports,PrimeLife,766.58,1027.27,158
PROD0342,Apex Product 0342,Electronics,TechPro,749.34,1118.37,182
PROD0343,Zen Product 0343,Sports,Apex,4875.60,6951.75,435
PROD0344,Zen Product 0344,Sports,FitMax,702.98,869.27,201
PROD0345,Apex Product 0345,Sports,DailyChoice,1798.08,3020.25,65
PROD0346,Apex Product 0346,Accessories,PrimeLife,431.35,700.27,45
PROD0347,Zen Product 0347,Books,PrimeLife,3703.82,7038.51,363
PROD0348,Zen Product 0348,Electronics,StyleHub,3024.08,5447.34,259
PROD0349,UrbanX Product 0349,Home & Kitchen,DailyChoice,2714.49,4100.36,405
PROD0350,FitMax Product 0350,Books,Nova,4293.62,7175.15,428
PROD0351,Apex Product 0351,Books,Nova,2909.35,4983.39,243
PROD0352,HomeEase Product 0352,Grocery,UrbanX,4782.10,10106.61,155
PROD0353,FitMax Product 0353,Grocery,HomeEase,3151.62,6872.99,393
PROD0354,FitMax Product 0354,Grocery,PrimeLife,1836.27,3684.15,449
PROD0355,Zen Product 0355,Grocery,FitMax,280.06,487.36,248
PROD0356,StyleHub Product 0356,Grocery,Apex,3653.85,7762.65,432
PROD0357,FitMax Product 0357,Electronics,PrimeLife,1930.86,2581.60,94
PROD0358,Zen Product 0358,Fashion,FitMax,3036.09,5711.86,254
PROD0359,StyleHub Product 0359,Home & Kitchen,FitMax,4394.11,7177.74,361
PROD0360,Zen Product 0360,Grocery,UrbanX,137.53,179.06,470
PROD0361,HomeEase Product 0361,Accessories,Apex,3822.10,4697.25,335
PROD0362,Apex Product 0362,Books,PrimeLife,2232.90,3694.96,200
PROD0363,Apex Product 0363,Books,StyleHub,707.89,991.70,306
PROD0364,FitMax Product 0364,Electronics,UrbanX,2954.04,4174.15,426
PROD0365,Nova Product 0365,Fashion,DailyChoice,2709.81,4027.39,133
PROD0366,UrbanX Product 0366,Grocery,UrbanX,4227.31,8049.99,376
PROD0367,Nova Product 0367,Accessories,UrbanX,2655.66,3511.56,152
PROD0368,Zen Product 0368,Fashion,HomeEase,4154.02,7906.90,254
PROD0369,StyleHub Product 0369,Beauty,PrimeLife,2768.00,5458.07,259
PROD0370,DailyChoice Product 0370,Grocery,PrimeLife,2290.03,4062.98,239
PROD0371,StyleHub Product 0371,Beauty,Zen,1918.80,2705.38,459
PROD0372,DailyChoice Product 0372,Books,UrbanX,951.12,1145.25,151
PROD0373,TechPro Product 0373,Books,Apex,2961.75,4674.66,439
PROD0374,StyleHub Product 0374,Sports,Apex,2766.83,5643.83,90
PROD0375,Zen Product 0375,Home & Kitchen,StyleHub,4881.12,6135.39,239
PROD0376,Zen Product 0376,Electronics,FitMax,2120.80,4097.54,182
PROD0377,StyleHub Product 0377,Sports,FitMax,2165.46,3554.14,309
PROD0378,Zen Product 0378,Home & Kitchen,PrimeLife,902.97,1890.62,258
PROD0379,Zen Product 0379,Books,HomeEase,3028.10,4614.85,459
PROD0380,UrbanX Product 0380,Beauty,Apex,4254.48,8040.91,430
PROD0381,UrbanX Product 0381,Electronics,TechPro,1314.82,2533.82,499
PROD0382,FitMax Product 0382,Fashion,Zen,144.48,196.30,285
PROD0383,UrbanX Product 0383,Fashion,HomeEase,3488.22,4590.69,75
PROD0384,Nova Product 0384,Sports,TechPro,253.73,316.49,296
PROD0385,Nova Product 0385,Sports,FitMax,2105.45,3972.27,361
PROD0386,Nova Product 0386,Electronics,DailyChoice,3102.28,5353.16,182
PROD0387,HomeEase Product 0387,Fashion,Nova,1991.46,2471.51,58
PROD0388,Apex Product 0388,Grocery,Nova,1376.83,2029.10,39
PROD0389,StyleHub Product 0389,Grocery,TechPro,4016.41,5219.18,44
PROD0390,PrimeLife Product 0390,Sports,HomeEase,1574.57,1963.98,405
PROD0391,Apex Product 0391,Accessories,FitMax,982.23,1437.70,14
PROD0392,UrbanX Product 0392,Fashion,Nova,2003.14,2506.15,219
PROD0393,DailyChoice Product 0393,Beauty,PrimeLife,745.16,1060.51,272
PROD0394,DailyChoice Product 0394,Sports,TechPro,3482.95,6026.74,186
PROD0395,TechPro Product 0395,Books,Zen,3579.39,6224.38,363
PROD0396,UrbanX Product 0396,Grocery,UrbanX,172.42,228.70,495
PROD0397,Zen Product 0397,Home & Kitchen,DailyChoice,3504.85,4733.52,24
PROD0398,FitMax Product 0398,Accessories,PrimeLife,1565.04,3204.76,298
PROD0399,TechPro Product 0399,Sports,TechPro,3315.40,4393.84,191
PROD0400,Apex Product 0400,Beauty,TechPro,3561.77,4267.10,178
PROD0401,TechPro Product 0401,Electronics,Nova,1461.13,2055.90,60
PROD0402,UrbanX Product 0402,Grocery,Apex,1008.39,1769.97,428
PROD0403,HomeEase Product 0403,Fashion,Apex,4149.16,4803.01,130
PROD0404,Nova Product 0404,Grocery,UrbanX,3722.00,8129.73,248
PROD0405,FitMax Product 0405,Accessories,Nova,4202.00,5848.80,163
PROD0406,Nova Product 0406,Books,Apex,2235.03,3129.09,478
PROD0407,Apex Product 0407,Electronics,Apex,2336.21,4498.49,206
PROD0408,DailyChoice Product 0408,Grocery,StyleHub,1786.42,2519.90,237
PROD0409,Nova Product 0409,Sports,Zen,2545.41,3986.01,191
PROD0410,Zen Product 0410,Home & Kitchen,Zen,3268.19,5624.93,27
PROD0411,StyleHub Product 0411,Electronics,UrbanX,4091.27,4798.92,106
PROD0412,StyleHub Product 0412,Grocery,FitMax,997.54,2024.17,222
PROD0413,Apex Product 0413,Home & Kitchen,Apex,2086.55,3521.37,379
PROD0414,TechPro Product 0414,Sports,Apex,2359.89,3489.25,428
PROD0415,DailyChoice Product 0415,Grocery,DailyChoice,2491.17,3910.58,83
PROD0416,Apex Product 0416,Home & Kitchen,UrbanX,2755.67,3330.55,497
PROD0417,Nova Product 0417,Home & Kitchen,Zen,4028.56,7669.90,236
PROD0418,DailyChoice Product 0418,Beauty,UrbanX,4442.63,7625.68,148
PROD0419,Apex Product 0419,Grocery,Apex,879.87,1856.25,282
PROD0420,DailyChoice Product 0420,Electronics,Nova,3592.14,5881.76,338
PROD0421,FitMax Product 0421,Sports,Apex,2447.63,4943.78,99
PROD0422,Zen Product 0422,Beauty,Apex,2146.81,2893.35,331
PROD0423,StyleHub Product 0423,Home & Kitchen,FitMax,655.38,792.57,34
PROD0424,HomeEase Product 0424,Beauty,HomeEase,414.27,888.97,431
PROD0425,DailyChoice Product 0425,Beauty,HomeEase,4891.27,6944.65,96
PROD0426,TechPro Product 0426,Home & Kitchen,Apex,3247.61,6577.26,355
PROD0427,Apex Product 0427,Sports,Apex,2316.89,3290.45,232
PROD0428,Nova Product 0428,Grocery,FitMax,3832.64,5034.69,406
PROD0429,StyleHub Product 0429,Accessories,Nova,546.55,1048.92,447
PROD0430,HomeEase Product 0430,Fashion,DailyChoice,3076.49,6052.46,12
PROD0431,StyleHub Product 0431,Beauty,HomeEase,3337.00,6793.44,245
PROD0432,Nova Product 0432,Electronics,DailyChoice,2315.07,4764.67,413
PROD0433,StyleHub Product 0433,Home & Kitchen,UrbanX,1337.73,2217.00,457
PROD0434,StyleHub Product 0434,Fashion,PrimeLife,4777.47,7501.72,488
PROD0435,FitMax Product 0435,Accessories,Nova,1575.56,3054.25,403
PROD0436,UrbanX Product 0436,Beauty,Apex,711.50,1243.60,261
PROD0437,Nova Product 0437,Accessories,UrbanX,3189.32,6900.25,222
PROD0438,Nova Product 0438,Home & Kitchen,Nova,2914.18,4501.32,402
PROD0439,FitMax Product 0439,Home & Kitchen,DailyChoice,3798.39,4539.15,450
PROD0440,StyleHub Product 0440,Beauty,DailyChoice,3793.54,6709.90,73
PROD0441,DailyChoice Product 0441,Grocery,HomeEase,3139.16,4775.11,265
PROD0442,UrbanX Product 0442,Books,FitMax,1116.92,1686.33,183
PROD0443,TechPro Product 0443,Books,DailyChoice,4447.01,7750.00,276
PROD0444,FitMax Product 0444,Electronics,Apex,1316.59,2788.37,382
PROD0445,HomeEase Product 0445,Home & Kitchen,UrbanX,560.52,801.72,55
PROD0446,UrbanX Product 0446,Home & Kitchen,TechPro,1577.35,2442.64,56
PROD0447,Zen Product 0447,Beauty,PrimeLife,2467.84,5147.45,385
PROD0448,UrbanX Product 0448,Fashion,Zen,1115.19,2330.72,492
PROD0449,StyleHub Product 0449,Home & Kitchen,StyleHub,1734.99,2422.60,294
PROD0450,DailyChoice Product 0450,Grocery,Zen,2617.10,4950.63,60
PROD0451,FitMax Product 0451,Home & Kitchen,Zen,1682.40,2668.86,172
PROD0452,UrbanX Product 0452,Beauty,Zen,537.66,1146.72,477
PROD0453,PrimeLife Product 0453,Books,FitMax,1066.35,2046.17,109
PROD0454,FitMax Product 0454,Home & Kitchen,Apex,3991.61,6662.28,411
PROD0455,TechPro Product 0455,Grocery,UrbanX,4776.22,9592.00,145
PROD0456,HomeEase Product 0456,Beauty,DailyChoice,827.34,1818.31,13
PROD0457,UrbanX Product 0457,Electronics,Nova,3436.99,5565.85,182
PROD0458,Nova Product 0458,Beauty,Apex,4537.34,6997.43,314
PROD0459,HomeEase Product 0459,Grocery,PrimeLife,1565.80,2798.69,364
PROD0460,FitMax Product 0460,Books,FitMax,4164.36,7775.85,146
PROD0461,Apex Product 0461,Fashion,FitMax,4534.19,8568.13,231
PROD0462,Nova Product 0462,Home & Kitchen,Nova,1567.54,2582.15,483
PROD0463,Zen Product 0463,Electronics,TechPro,378.03,566.63,296
PROD0464,UrbanX Product 0464,Accessories,Zen,4592.29,9244.38,139
PROD0465,PrimeLife Product 0465,Home & Kitchen,FitMax,1719.37,3707.26,147
PROD0466,UrbanX Product 0466,Home & Kitchen,DailyChoice,167.32,344.21,417
PROD0467,DailyChoice Product 0467,Grocery,DailyChoice,2427.11,4530.13,380
PROD0468,Zen Product 0468,Accessories,UrbanX,667.80,1020.50,35
PROD0469,UrbanX Product 0469,Books,DailyChoice,4518.34,8149.31,276
PROD0470,PrimeLife Product 0470,Beauty,FitMax,859.48,1079.69,55
PROD0471,DailyChoice Product 0471,Home & Kitchen,DailyChoice,1591.65,2722.69,466
PROD0472,PrimeLife Product 0472,Books,DailyChoice,3973.21,7828.33,40
PROD0473,FitMax Product 0473,Electronics,PrimeLife,4051.10,5726.68,382
PROD0474,FitMax Product 0474,Grocery,Apex,4516.27,7572.03,168
PROD0475,PrimeLife Product 0475,Books,PrimeLife,2537.24,3113.04,170
PROD0476,Zen Product 0476,Books,HomeEase,4934.93,10019.99,105
PROD0477,Zen Product 0477,Books,Zen,2629.33,3990.65,226
PROD0478,PrimeLife Product 0478,Grocery,Apex,3974.47,7000.31,455
PROD0479,FitMax Product 0479,Sports,UrbanX,1873.32,2898.89,85
PROD0480,PrimeLife Product 0480,Books,PrimeLife,4712.33,8376.07,490
PROD0481,TechPro Product 0481,Home & Kitchen,StyleHub,3456.58,6676.07,293
PROD0482,Apex Product 0482,Books,Zen,477.78,713.40,145
PROD0483,StyleHub Product 0483,Beauty,Zen,631.75,1070.96,263
PROD0484,Nova Product 0484,Fashion,Apex,4464.97,8861.26,246
PROD0485,FitMax Product 0485,Home & Kitchen,PrimeLife,4066.84,7614.12,449
PROD0486,PrimeLife Product 0486,Books,TechPro,1717.46,2078.00,147
PROD0487,StyleHub Product 0487,Books,HomeEase,2655.82,4640.24,452
PROD0488,Zen Product 0488,Beauty,FitMax,4278.47,6610.88,440
PROD0489,PrimeLife Product 0489,Accessories,StyleHub,606.81,1149.43,361
PROD0490,DailyChoice Product 0490,Home & Kitchen,PrimeLife,776.88,907.01,221
PROD0491,Zen Product 0491,Sports,UrbanX,3606.08,5398.76,145
PROD0492,Apex Product 0492,Sports,PrimeLife,502.81,623.90,107
PROD0493,PrimeLife Product 0493,Electronics,Apex,1827.58,3868.10,443
PROD0494,PrimeLife Product 0494,Sports,StyleHub,1333.86,2761.52,214
PROD0495,TechPro Product 0495,Grocery,FitMax,3825.40,8287.70,244
PROD0496,Apex Product 0496,Grocery,HomeEase,111.99,204.45,129
PROD0497,Apex Product 0497,Accessories,UrbanX,665.39,1329.05,425
PROD0498,FitMax Product 0498,Beauty,UrbanX,585.14,1048.84,63
PROD0499,Zen Product 0499,Sports,Zen,1658.58,2764.27,299
PROD0500,HomeEase Product 0500,Beauty,Apex,1239.15,2509.91,434
PROD0501,Apex Product 0501,Home & Kitchen,Apex,1218.59,2394.50,356
PROD0502,UrbanX Product 0502,Electronics,Nova,1914.93,3676.55,361
PROD0503,Apex Product 0503,Books,Nova,1148.84,2399.47,223
PROD0504,StyleHub Product 0504,Books,DailyChoice,620.45,1318.57,64
PROD0505,PrimeLife Product 0505,Books,StyleHub,2957.93,4784.60,486
PROD0506,StyleHub Product 0506,Accessories,FitMax,4763.51,6892.62,64
PROD0507,Nova Product 0507,Electronics,Apex,3075.11,5188.86,373
PROD0508,HomeEase Product 0508,Books,PrimeLife,3809.40,4753.06,379
PROD0509,Nova Product 0509,Sports,PrimeLife,4863.67,10384.27,181
PROD0510,StyleHub Product 0510,Grocery,PrimeLife,850.50,1856.68,496
PROD0511,HomeEase Product 0511,Books,Nova,2353.07,4318.68,107
PROD0512,Zen Product 0512,Books,PrimeLife,2951.05,5705.77,350
PROD0513,Nova Product 0513,Fashion,UrbanX,1678.35,2500.50,422
PROD0514,DailyChoice Product 0514,Grocery,FitMax,3104.33,6393.62,391
PROD0515,Apex Product 0515,Sports,Zen,3156.72,6614.33,322
PROD0516,StyleHub Product 0516,Books,Zen,4226.92,5202.27,110
PROD0517,Nova Product 0517,Fashion,HomeEase,4179.33,5383.04,75
PROD0518,FitMax Product 0518,Sports,Apex,798.36,1136.78,249
PROD0519,FitMax Product 0519,Beauty,Nova,927.57,1752.05,240
PROD0520,DailyChoice Product 0520,Beauty,UrbanX,1189.62,1597.10,225
PROD0521,UrbanX Product 0521,Books,UrbanX,1380.03,1905.94,304
PROD0522,HomeEase Product 0522,Books,StyleHub,2866.02,4445.07,472
PROD0523,Zen Product 0523,Accessories,StyleHub,1704.70,3055.19,163
PROD0524,Apex Product 0524,Accessories,HomeEase,4769.52,10374.30,262
PROD0525,HomeEase Product 0525,Fashion,FitMax,679.68,1341.07,14
PROD0526,Apex Product 0526,Electronics,TechPro,1307.78,2270.59,340
PROD0527,Nova Product 0527,Accessories,DailyChoice,4354.76,5233.79,152
PROD0528,UrbanX Product 0528,Fashion,FitMax,2963.22,5015.79,495
PROD0529,PrimeLife Product 0529,Home & Kitchen,PrimeLife,2782.40,3796.00,440
PROD0530,StyleHub Product 0530,Electronics,PrimeLife,3012.29,4413.22,37
PROD0531,Zen Product 0531,Fashion,DailyChoice,1336.10,1888.45,36
PROD0532,DailyChoice Product 0532,Grocery,DailyChoice,3831.09,5803.41,121
PROD0533,UrbanX Product 0533,Accessories,Apex,2533.01,3078.55,271
PROD0534,Zen Product 0534,Grocery,Zen,308.72,542.01,256
PROD0535,Nova Product 0535,Home & Kitchen,Nova,968.08,1159.80,174
PROD0536,Nova Product 0536,Home & Kitchen,PrimeLife,4101.46,7561.50,435
PROD0537,TechPro Product 0537,Accessories,Apex,1790.72,3433.42,292
PROD0538,DailyChoice Product 0538,Grocery,TechPro,3889.88,6458.63,300
PROD0539,TechPro Product 0539,Accessories,TechPro,3350.55,6601.66,141
PROD0540,PrimeLife Product 0540,Books,Nova,1577.15,3415.73,440
PROD0541,Zen Product 0541,Grocery,HomeEase,722.47,1088.80,161
PROD0542,FitMax Product 0542,Sports,Zen,4054.03,7296.66,449
PROD0543,DailyChoice Product 0543,Books,TechPro,3251.13,4843.92,414
PROD0544,Apex Product 0544,Accessories,Nova,1573.91,2542.74,338
PROD0545,UrbanX Product 0545,Fashion,Zen,2664.05,3121.91,466
PROD0546,TechPro Product 0546,Grocery,HomeEase,3098.33,3804.96,427
PROD0547,Zen Product 0547,Beauty,Apex,110.38,219.37,22
PROD0548,FitMax Product 0548,Grocery,Apex,3385.52,4390.69,349
PROD0549,UrbanX Product 0549,Books,UrbanX,3314.78,6245.41,336
PROD0550,DailyChoice Product 0550,Sports,Nova,504.63,955.93,65
PROD0551,Apex Product 0551,Books,StyleHub,3959.99,8696.29,394
PROD0552,StyleHub Product 0552,Books,Apex,4142.94,7790.28,432
PROD0553,Apex Product 0553,Grocery,PrimeLife,1521.80,1955.79,461
PROD0554,PrimeLife Product 0554,Electronics,HomeEase,894.84,1617.75,488
PROD0555,UrbanX Product 0555,Grocery,PrimeLife,3463.76,5889.60,57
PROD0556,PrimeLife Product 0556,Grocery,HomeEase,704.42,1488.62,28
PROD0557,UrbanX Product 0557,Grocery,HomeEase,4304.41,8069.29,82
PROD0558,UrbanX Product 0558,Beauty,DailyChoice,2452.63,4155.74,475
PROD0559,UrbanX Product 0559,Home & Kitchen,FitMax,4558.06,8229.23,434
PROD0560,UrbanX Product 0560,Electronics,Nova,3246.63,5245.36,128
PROD0561,FitMax Product 0561,Grocery,StyleHub,1496.95,2520.61,132
PROD0562,Apex Product 0562,Grocery,DailyChoice,2393.38,4567.68,114
PROD0563,DailyChoice Product 0563,Sports,UrbanX,2693.80,3319.47,33
PROD0564,Apex Product 0564,Books,DailyChoice,4094.28,7353.75,124
PROD0565,Nova Product 0565,Home & Kitchen,HomeEase,4323.09,5371.99,77
PROD0566,FitMax Product 0566,Books,PrimeLife,3446.76,7058.38,274
PROD0567,PrimeLife Product 0567,Home & Kitchen,FitMax,1541.57,3298.32,343
PROD0568,Zen Product 0568,Home & Kitchen,StyleHub,2689.99,5297.16,167
PROD0569,Zen Product 0569,Beauty,FitMax,740.05,1409.01,80
PROD0570,UrbanX Product 0570,Sports,FitMax,1227.54,2628.08,449
PROD0571,HomeEase Product 0571,Sports,StyleHub,1584.99,2186.42,94
PROD0572,TechPro Product 0572,Books,Nova,456.52,634.69,208
PROD0573,TechPro Product 0573,Accessories,Zen,4436.44,7342.60,447
PROD0574,DailyChoice Product 0574,Grocery,Zen,700.96,811.60,71
PROD0575,Zen Product 0575,Beauty,Zen,3514.51,7603.02,493
PROD0576,FitMax Product 0576,Sports,FitMax,2577.74,3051.70,144
PROD0577,PrimeLife Product 0577,Home & Kitchen,Apex,4175.66,7415.63,37
PROD0578,DailyChoice Product 0578,Home & Kitchen,UrbanX,3731.08,5677.48,473
PROD0579,Nova Product 0579,Books,UrbanX,3822.72,4809.42,170
PROD0580,StyleHub Product 0580,Accessories,UrbanX,2149.90,2527.95,39
PROD0581,StyleHub Product 0581,Home & Kitchen,DailyChoice,4186.48,5967.99,172
PROD0582,UrbanX Product 0582,Sports,Apex,564.24,712.08,423
PROD0583,StyleHub Product 0583,Fashion,PrimeLife,2277.65,4868.12,198
PROD0584,StyleHub Product 0584,Electronics,HomeEase,4973.61,6997.87,375
PROD0585,DailyChoice Product 0585,Fashion,DailyChoice,4745.76,5926.69,343
PROD0586,HomeEase Product 0586,Beauty,DailyChoice,502.84,984.64,221
PROD0587,Zen Product 0587,Fashion,DailyChoice,2907.63,4608.49,89
PROD0588,Zen Product 0588,Accessories,Zen,1646.69,3352.41,285
PROD0589,DailyChoice Product 0589,Accessories,TechPro,3669.52,7450.42,162
PROD0590,PrimeLife Product 0590,Grocery,Apex,3705.36,8122.15,449
PROD0591,FitMax Product 0591,Accessories,Nova,100.46,200.32,427
PROD0592,TechPro Product 0592,Books,Zen,4244.51,5835.60,387
PROD0593,Nova Product 0593,Fashion,HomeEase,1195.56,2111.08,447
PROD0594,StyleHub Product 0594,Grocery,UrbanX,4832.94,8228.38,132
PROD0595,PrimeLife Product 0595,Books,StyleHub,4536.61,7637.83,431
PROD0596,TechPro Product 0596,Beauty,TechPro,1034.23,1511.68,321
PROD0597,PrimeLife Product 0597,Fashion,TechPro,3218.04,4410.80,350
PROD0598,HomeEase Product 0598,Electronics,DailyChoice,1552.12,2953.28,282
PROD0599,Zen Product 0599,Sports,Nova,604.62,759.92,151
PROD0600,Nova Product 0600,Grocery,HomeEase,4382.61,5268.32,311
PROD0601,Zen Product 0601,Beauty,UrbanX,986.05,1528.68,44
PROD0602,StyleHub Product 0602,Fashion,HomeEase,2162.74,4176.51,323
PROD0603,Zen Product 0603,Home & Kitchen,StyleHub,4628.53,9543.84,411
PROD0604,FitMax Product 0604,Home & Kitchen,PrimeLife,469.24,805.75,260
PROD0605,PrimeLife Product 0605,Beauty,TechPro,2797.86,5685.05,218
PROD0606,DailyChoice Product 0606,Home & Kitchen,UrbanX,2903.51,3416.14,107
PROD0607,UrbanX Product 0607,Electronics,StyleHub,3839.03,6250.47,46
PROD0608,Zen Product 0608,Grocery,DailyChoice,4152.94,5357.53,132
PROD0609,Zen Product 0609,Fashion,Apex,2178.30,3837.85,260
PROD0610,DailyChoice Product 0610,Electronics,Apex,3744.05,7926.29,175
PROD0611,Apex Product 0611,Electronics,DailyChoice,4561.15,5279.76,120
PROD0612,HomeEase Product 0612,Sports,FitMax,4442.70,8226.25,328
PROD0613,UrbanX Product 0613,Fashion,Nova,2558.91,5071.68,302
PROD0614,Apex Product 0614,Beauty,UrbanX,3074.44,5938.91,189
PROD0615,HomeEase Product 0615,Home & Kitchen,StyleHub,3396.76,3976.78,410
PROD0616,Apex Product 0616,Grocery,PrimeLife,4113.63,5481.73,259
PROD0617,TechPro Product 0617,Sports,HomeEase,2587.89,3232.58,176
PROD0618,FitMax Product 0618,Electronics,Nova,648.31,803.73,471
PROD0619,UrbanX Product 0619,Home & Kitchen,FitMax,1987.98,3810.35,346
PROD0620,Nova Product 0620,Fashion,UrbanX,3628.99,5791.97,64
PROD0621,UrbanX Product 0621,Electronics,Nova,3156.61,6032.48,351
PROD0622,TechPro Product 0622,Electronics,UrbanX,3792.11,5797.34,335
PROD0623,Nova Product 0623,Fashion,FitMax,2549.77,3245.61,342
PROD0624,DailyChoice Product 0624,Beauty,Zen,954.58,1817.88,219
PROD0625,Nova Product 0625,Sports,Apex,664.52,1201.03,316
PROD0626,Apex Product 0626,Accessories,DailyChoice,2458.18,3118.51,147
PROD0627,FitMax Product 0627,Fashion,PrimeLife,1108.05,2349.71,464
PROD0628,DailyChoice Product 0628,Home & Kitchen,FitMax,4913.11,7243.73,99
PROD0629,DailyChoice Product 0629,Home & Kitchen,TechPro,1073.89,1973.24,118
PROD0630,FitMax Product 0630,Accessories,StyleHub,2877.24,3405.44,108
PROD0631,HomeEase Product 0631,Electronics,Zen,108.66,175.51,391
PROD0632,HomeEase Product 0632,Grocery,Zen,1342.86,2904.05,81
PROD0633,DailyChoice Product 0633,Books,FitMax,1369.78,2850.28,12
PROD0634,UrbanX Product 0634,Sports,PrimeLife,3716.14,5137.25,456
PROD0635,PrimeLife Product 0635,Beauty,PrimeLife,2528.57,5241.95,420
PROD0636,HomeEase Product 0636,Beauty,Nova,159.25,232.14,477
PROD0637,FitMax Product 0637,Accessories,FitMax,1957.94,4003.69,298
PROD0638,StyleHub Product 0638,Accessories,UrbanX,3259.43,6244.05,91
PROD0639,FitMax Product 0639,Books,StyleHub,3219.86,4893.08,237
PROD0640,Apex Product 0640,Home & Kitchen,StyleHub,364.05,766.81,183
PROD0641,DailyChoice Product 0641,Beauty,StyleHub,4651.67,7719.65,177
PROD0642,HomeEase Product 0642,Grocery,TechPro,1310.26,1943.87,209
PROD0643,Zen Product 0643,Home & Kitchen,StyleHub,4468.48,6451.01,275
PROD0644,UrbanX Product 0644,Accessories,Zen,1145.73,2447.30,303
PROD0645,HomeEase Product 0645,Sports,FitMax,2882.47,5610.76,355
PROD0646,TechPro Product 0646,Accessories,DailyChoice,2089.79,3171.03,274
PROD0647,Apex Product 0647,Books,StyleHub,2948.61,4177.82,324
PROD0648,Apex Product 0648,Electronics,HomeEase,2539.53,3484.74,481
PROD0649,Nova Product 0649,Accessories,Apex,110.03,154.78,272
PROD0650,Zen Product 0650,Grocery,Zen,1821.53,2307.02,411
PROD0651,Apex Product 0651,Home & Kitchen,Zen,154.96,257.07,35
PROD0652,Zen Product 0652,Sports,StyleHub,3448.50,4114.49,421
PROD0653,DailyChoice Product 0653,Books,Zen,4282.13,4976.22,477
PROD0654,FitMax Product 0654,Home & Kitchen,UrbanX,1985.10,3571.15,337
PROD0655,FitMax Product 0655,Fashion,Apex,2671.53,3320.45,69
PROD0656,PrimeLife Product 0656,Home & Kitchen,FitMax,422.60,861.03,115
PROD0657,DailyChoice Product 0657,Sports,HomeEase,1987.47,2508.32,409
PROD0658,DailyChoice Product 0658,Beauty,HomeEase,780.42,1342.17,462
PROD0659,Zen Product 0659,Home & Kitchen,Nova,417.04,775.39,0
PROD0660,StyleHub Product 0660,Electronics,UrbanX,942.96,1311.29,80
PROD0661,HomeEase Product 0661,Sports,PrimeLife,4367.14,9095.34,478
PROD0662,DailyChoice Product 0662,Accessories,StyleHub,4912.80,8132.93,385
PROD0663,HomeEase Product 0663,Beauty,Zen,4408.15,6528.85,419
PROD0664,PrimeLife Product 0664,Sports,HomeEase,4851.39,10169.41,439
PROD0665,HomeEase Product 0665,Home & Kitchen,Apex,3680.95,7550.58,34
PROD0666,UrbanX Product 0666,Fashion,DailyChoice,882.56,1672.55,382
PROD0667,UrbanX Product 0667,Fashion,Zen,2859.54,4160.65,282
PROD0668,StyleHub Product 0668,Accessories,StyleHub,3684.82,5747.28,194
PROD0669,FitMax Product 0669,Grocery,DailyChoice,2615.97,4902.90,183
PROD0670,StyleHub Product 0670,Electronics,PrimeLife,2817.87,3788.76,45
PROD0671,Apex Product 0671,Books,FitMax,2972.33,4963.40,147
PROD0672,TechPro Product 0672,Books,DailyChoice,2387.55,4595.10,263
PROD0673,FitMax Product 0673,Grocery,UrbanX,1523.88,2804.85,92
PROD0674,DailyChoice Product 0674,Electronics,TechPro,3221.42,6139.80,327
PROD0675,StyleHub Product 0675,Beauty,UrbanX,362.19,755.71,488
PROD0676,Nova Product 0676,Fashion,StyleHub,937.54,2031.37,113
PROD0677,TechPro Product 0677,Home & Kitchen,TechPro,4633.78,7559.10,346
PROD0678,TechPro Product 0678,Accessories,HomeEase,2495.20,3026.63,281
PROD0679,Zen Product 0679,Grocery,FitMax,4126.25,8360.06,102
PROD0680,PrimeLife Product 0680,Sports,HomeEase,3660.05,4662.41,201
PROD0681,TechPro Product 0681,Grocery,TechPro,1671.47,2307.32,61
PROD0682,DailyChoice Product 0682,Accessories,HomeEase,4037.88,7412.84,93
PROD0683,Nova Product 0683,Sports,Nova,547.48,1058.29,416
PROD0684,UrbanX Product 0684,Fashion,HomeEase,4387.39,8245.57,316
PROD0685,StyleHub Product 0685,Accessories,Zen,3434.74,5531.36,227
PROD0686,DailyChoice Product 0686,Grocery,FitMax,4642.65,9814.42,403
PROD0687,StyleHub Product 0687,Fashion,TechPro,4488.00,9082.84,67
PROD0688,Nova Product 0688,Sports,DailyChoice,1963.28,3625.92,470
PROD0689,StyleHub Product 0689,Beauty,HomeEase,4298.48,6934.00,284
PROD0690,HomeEase Product 0690,Sports,HomeEase,2858.78,4679.87,301
PROD0691,Nova Product 0691,Electronics,TechPro,869.86,1161.06,479
PROD0692,Nova Product 0692,Grocery,FitMax,4164.80,8199.20,164
PROD0693,UrbanX Product 0693,Home & Kitchen,Apex,4548.81,9367.19,100
PROD0694,HomeEase Product 0694,Grocery,Nova,514.28,1038.15,242
PROD0695,TechPro Product 0695,Fashion,StyleHub,4659.71,8035.45,89
PROD0696,TechPro Product 0696,Books,FitMax,3046.20,6183.29,436
PROD0697,HomeEase Product 0697,Grocery,HomeEase,226.90,449.25,388
PROD0698,DailyChoice Product 0698,Fashion,StyleHub,2754.79,5575.63,87
PROD0699,Nova Product 0699,Beauty,StyleHub,4004.07,8733.00,126
PROD0700,UrbanX Product 0700,Electronics,TechPro,2712.59,5426.54,106
PROD0701,FitMax Product 0701,Grocery,TechPro,3565.51,5113.74,321
PROD0702,FitMax Product 0702,Sports,Nova,4409.96,8872.43,398
PROD0703,HomeEase Product 0703,Electronics,UrbanX,4361.83,6736.48,301
PROD0704,HomeEase Product 0704,Electronics,PrimeLife,976.46,1652.17,493
PROD0705,FitMax Product 0705,Beauty,Apex,2192.94,4355.66,487
PROD0706,UrbanX Product 0706,Beauty,Zen,644.71,955.82,243
PROD0707,UrbanX Product 0707,Books,DailyChoice,3015.98,3550.98,184
PROD0708,Nova Product 0708,Sports,Apex,4778.16,9097.86,263
PROD0709,HomeEase Product 0709,Books,HomeEase,991.05,2078.51,420
PROD0710,HomeEase Product 0710,Sports,StyleHub,2077.79,4413.81,100
PROD0711,HomeEase Product 0711,Home & Kitchen,TechPro,4774.73,9496.25,440
PROD0712,UrbanX Product 0712,Electronics,FitMax,3775.58,8049.16,252
PROD0713,StyleHub Product 0713,Sports,HomeEase,448.73,902.71,141
PROD0714,PrimeLife Product 0714,Beauty,Nova,2199.24,2598.63,388
PROD0715,Nova Product 0715,Home & Kitchen,HomeEase,4940.64,7495.63,252
PROD0716,Nova Product 0716,Books,UrbanX,2320.89,3488.09,72
PROD0717,DailyChoice Product 0717,Home & Kitchen,TechPro,3184.07,4394.41,213
PROD0718,PrimeLife Product 0718,Beauty,TechPro,3534.79,7026.58,378
PROD0719,FitMax Product 0719,Accessories,Zen,3353.26,5687.45,298
PROD0720,Zen Product 0720,Sports,Zen,2641.72,5357.68,432
PROD0721,StyleHub Product 0721,Accessories,Apex,750.70,1337.31,378
PROD0722,UrbanX Product 0722,Beauty,Zen,3571.23,6321.58,491
PROD0723,UrbanX Product 0723,Sports,UrbanX,4673.31,7259.31,171
PROD0724,TechPro Product 0724,Beauty,HomeEase,4714.31,9330.01,439
PROD0725,UrbanX Product 0725,Beauty,PrimeLife,3007.61,5615.95,303
PROD0726,Apex Product 0726,Fashion,DailyChoice,2511.77,3781.95,413
PROD0727,Zen Product 0727,Sports,HomeEase,1736.41,3808.38,416
PROD0728,StyleHub Product 0728,Electronics,PrimeLife,607.49,993.81,497
PROD0729,UrbanX Product 0729,Fashion,PrimeLife,4427.28,6563.09,229
PROD0730,DailyChoice Product 0730,Fashion,Apex,771.56,1444.50,420
PROD0731,Nova Product 0731,Fashion,HomeEase,1510.93,2091.05,433
PROD0732,UrbanX Product 0732,Fashion,TechPro,3727.95,7538.57,236
PROD0733,StyleHub Product 0733,Electronics,Apex,3553.34,6624.78,229
PROD0734,Apex Product 0734,Fashion,PrimeLife,3436.96,7092.40,6
PROD0735,Nova Product 0735,Books,Zen,3734.36,5584.75,194
PROD0736,TechPro Product 0736,Accessories,TechPro,2755.69,5641.30,255
PROD0737,FitMax Product 0737,Electronics,FitMax,859.26,1440.10,170
PROD0738,Apex Product 0738,Books,FitMax,4991.95,6050.81,39
PROD0739,UrbanX Product 0739,Accessories,Nova,4471.48,6053.84,287
PROD0740,DailyChoice Product 0740,Electronics,TechPro,2212.65,3050.21,227
PROD0741,Nova Product 0741,Books,UrbanX,2698.60,5279.52,233
PROD0742,Nova Product 0742,Fashion,TechPro,2028.40,2765.28,360
PROD0743,Zen Product 0743,Accessories,Apex,3226.09,5613.44,182
PROD0744,Apex Product 0744,Home & Kitchen,Nova,3682.59,6758.18,492
PROD0745,DailyChoice Product 0745,Electronics,Apex,1234.66,2423.08,210
PROD0746,HomeEase Product 0746,Accessories,StyleHub,2220.70,4381.61,478
PROD0747,Apex Product 0747,Fashion,Apex,3237.15,6161.86,349
PROD0748,HomeEase Product 0748,Grocery,StyleHub,4941.30,6788.57,366
PROD0749,HomeEase Product 0749,Grocery,DailyChoice,1691.88,2911.12,228
PROD0750,DailyChoice Product 0750,Beauty,FitMax,3750.50,5455.77,344
PROD0751,DailyChoice Product 0751,Accessories,Nova,1798.69,3532.36,254
PROD0752,Apex Product 0752,Beauty,Zen,552.46,1069.28,76
PROD0753,TechPro Product 0753,Sports,Zen,3873.71,5388.83,459
PROD0754,Nova Product 0754,Grocery,UrbanX,3281.60,5983.70,264
PROD0755,HomeEase Product 0755,Electronics,HomeEase,2620.26,3174.05,231
PROD0756,StyleHub Product 0756,Grocery,Apex,3407.68,6668.75,136
PROD0757,StyleHub Product 0757,Electronics,Nova,4408.57,8681.41,63
PROD0758,Nova Product 0758,Accessories,UrbanX,3806.90,5765.03,244
PROD0759,HomeEase Product 0759,Books,PrimeLife,4303.31,8591.86,428
PROD0760,FitMax Product 0760,Beauty,Zen,1521.09,3120.08,90
PROD0761,PrimeLife Product 0761,Electronics,Apex,4022.37,5428.43,444
PROD0762,Nova Product 0762,Accessories,StyleHub,1864.05,2830.45,232
PROD0763,StyleHub Product 0763,Grocery,HomeEase,201.19,286.52,350
PROD0764,TechPro Product 0764,Electronics,PrimeLife,311.60,480.82,453
PROD0765,Apex Product 0765,Accessories,HomeEase,3678.74,5956.80,348
PROD0766,UrbanX Product 0766,Beauty,TechPro,1432.36,2414.20,93
PROD0767,StyleHub Product 0767,Fashion,PrimeLife,1607.16,1907.47,421
PROD0768,Nova Product 0768,Books,TechPro,3150.63,3805.72,202
PROD0769,TechPro Product 0769,Beauty,FitMax,3733.40,6861.98,489
PROD0770,FitMax Product 0770,Home & Kitchen,Nova,2838.53,4583.88,173
PROD0771,StyleHub Product 0771,Grocery,PrimeLife,3561.22,4430.96,123
PROD0772,StyleHub Product 0772,Grocery,Zen,4711.16,7328.40,69
PROD0773,StyleHub Product 0773,Beauty,FitMax,4285.38,7067.75,102
PROD0774,Apex Product 0774,Books,Zen,1279.94,2326.12,232
PROD0775,Zen Product 0775,Beauty,DailyChoice,4543.28,5789.26,63
PROD0776,PrimeLife Product 0776,Books,PrimeLife,1556.59,3416.01,94
PROD0777,Zen Product 0777,Grocery,DailyChoice,3336.88,5500.65,162
PROD0778,StyleHub Product 0778,Fashion,Zen,4386.11,8179.35,267
PROD0779,FitMax Product 0779,Beauty,Zen,3154.89,6636.72,303
PROD0780,StyleHub Product 0780,Beauty,TechPro,4050.36,4793.25,318
PROD0781,HomeEase Product 0781,Accessories,TechPro,4644.00,8272.95,172
PROD0782,DailyChoice Product 0782,Fashion,StyleHub,4837.99,8308.64,5
PROD0783,HomeEase Product 0783,Grocery,HomeEase,2112.10,2556.23,300
PROD0784,Apex Product 0784,Accessories,Zen,4964.56,9321.85,345
PROD0785,HomeEase Product 0785,Beauty,PrimeLife,1431.24,1977.72,100
PROD0786,Zen Product 0786,Fashion,FitMax,2364.71,4462.15,415
PROD0787,TechPro Product 0787,Home & Kitchen,Apex,3827.46,5858.93,451
PROD0788,HomeEase Product 0788,Fashion,UrbanX,4853.75,9506.71,359
PROD0789,TechPro Product 0789,Electronics,Zen,359.41,768.72,130
PROD0790,Apex Product 0790,Electronics,PrimeLife,4733.64,9720.71,382
PROD0791,HomeEase Product 0791,Accessories,StyleHub,4993.51,8272.76,385
PROD0792,Nova Product 0792,Books,Zen,4556.94,6318.36,19
PROD0793,HomeEase Product 0793,Fashion,DailyChoice,631.08,1383.36,210
PROD0794,HomeEase Product 0794,Beauty,Nova,4219.43,7774.19,294
PROD0795,Nova Product 0795,Sports,HomeEase,3234.83,5064.94,395
PROD0796,StyleHub Product 0796,Grocery,DailyChoice,146.68,242.84,444
PROD0797,Zen Product 0797,Grocery,StyleHub,4923.44,6323.95,291
PROD0798,Apex Product 0798,Sports,PrimeLife,837.57,1407.58,489
PROD0799,FitMax Product 0799,Accessories,StyleHub,2044.42,2722.81,347
PROD0800,Apex Product 0800,Accessories,UrbanX,248.34,380.96,264
PROD0801,Zen Product 0801,Home & Kitchen,Zen,1616.64,2693.90,252
PROD0802,Apex Product 0802,Home & Kitchen,UrbanX,2884.80,6188.44,43
PROD0803,UrbanX Product 0803,Sports,Nova,4661.18,8417.75,74
PROD0804,TechPro Product 0804,Sports,PrimeLife,4952.79,7629.70,52
PROD0805,TechPro Product 0805,Fashion,Nova,2174.46,2758.83,285
PROD0806,Zen Product 0806,Sports,FitMax,2198.10,4252.33,370
PROD0807,Zen Product 0807,Electronics,FitMax,885.68,1452.69,65
PROD0808,FitMax Product 0808,Home & Kitchen,TechPro,2541.96,3105.16,37
PROD0809,PrimeLife Product 0809,Grocery,Nova,4706.40,8658.45,253
PROD0810,Nova Product 0810,Books,UrbanX,910.44,1381.69,293
PROD0811,StyleHub Product 0811,Grocery,UrbanX,1405.72,2212.72,416
PROD0812,DailyChoice Product 0812,Home & Kitchen,UrbanX,4467.46,9072.50,198
PROD0813,HomeEase Product 0813,Grocery,DailyChoice,3169.51,4101.90,235
PROD0814,UrbanX Product 0814,Electronics,StyleHub,1719.49,2591.95,468
PROD0815,UrbanX Product 0815,Home & Kitchen,DailyChoice,4082.45,6253.71,54
PROD0816,Nova Product 0816,Accessories,Zen,633.92,731.22,331
PROD0817,HomeEase Product 0817,Sports,Zen,4305.92,8773.72,115
PROD0818,FitMax Product 0818,Home & Kitchen,UrbanX,2638.21,5347.86,84
PROD0819,Nova Product 0819,Electronics,Apex,3808.98,7027.29,278
PROD0820,Nova Product 0820,Home & Kitchen,Nova,2640.12,5528.12,453
PROD0821,Nova Product 0821,Books,UrbanX,1306.74,1877.17,141
PROD0822,Zen Product 0822,Books,TechPro,3240.16,4476.81,95
PROD0823,Apex Product 0823,Books,Zen,858.48,1049.02,48
PROD0824,StyleHub Product 0824,Grocery,Nova,1226.37,2172.65,368
PROD0825,TechPro Product 0825,Books,FitMax,2791.70,4665.41,369
PROD0826,Nova Product 0826,Sports,HomeEase,2010.92,4023.68,300
PROD0827,Nova Product 0827,Books,Nova,3751.49,6210.03,204
PROD0828,Zen Product 0828,Books,DailyChoice,2959.51,4034.99,410
PROD0829,PrimeLife Product 0829,Fashion,Nova,1968.54,3937.23,458
PROD0830,Apex Product 0830,Books,TechPro,1700.98,2769.58,351
PROD0831,Apex Product 0831,Sports,Apex,4574.89,9852.58,194
PROD0832,DailyChoice Product 0832,Accessories,DailyChoice,296.41,507.22,304
PROD0833,DailyChoice Product 0833,Books,UrbanX,3486.05,4436.26,249
PROD0834,DailyChoice Product 0834,Home & Kitchen,DailyChoice,2020.30,4128.64,257
PROD0835,FitMax Product 0835,Accessories,Nova,1949.05,4039.08,477
PROD0836,DailyChoice Product 0836,Books,TechPro,3294.20,5329.04,443
PROD0837,FitMax Product 0837,Beauty,StyleHub,4267.28,5023.84,449
PROD0838,FitMax Product 0838,Home & Kitchen,TechPro,3649.62,4310.97,358
PROD0839,FitMax Product 0839,Grocery,FitMax,3383.55,5138.62,58
PROD0840,FitMax Product 0840,Books,StyleHub,2531.39,4814.81,220
PROD0841,Apex Product 0841,Books,HomeEase,2398.97,3592.71,59
PROD0842,Zen Product 0842,Home & Kitchen,Apex,2357.50,2730.26,21
PROD0843,PrimeLife Product 0843,Electronics,Zen,812.69,1658.70,344
PROD0844,TechPro Product 0844,Beauty,PrimeLife,2841.56,6158.14,361
PROD0845,DailyChoice Product 0845,Electronics,FitMax,1645.77,2491.18,429
PROD0846,StyleHub Product 0846,Books,TechPro,3129.32,3838.83,52
PROD0847,DailyChoice Product 0847,Electronics,FitMax,2718.24,3957.71,274
PROD0848,StyleHub Product 0848,Sports,Nova,4705.63,9359.29,48
PROD0849,FitMax Product 0849,Accessories,UrbanX,2231.16,3836.19,463
PROD0850,PrimeLife Product 0850,Fashion,UrbanX,3355.55,5211.79,16
PROD0851,FitMax Product 0851,Accessories,HomeEase,3004.73,4509.91,497
PROD0852,TechPro Product 0852,Home & Kitchen,Apex,3453.53,4390.01,126
PROD0853,HomeEase Product 0853,Accessories,Zen,1408.18,2121.41,154
PROD0854,Nova Product 0854,Beauty,Zen,1360.52,2236.17,490
PROD0855,UrbanX Product 0855,Home & Kitchen,StyleHub,2842.42,5277.80,274
PROD0856,StyleHub Product 0856,Electronics,UrbanX,4260.40,6071.85,234
PROD0857,HomeEase Product 0857,Accessories,DailyChoice,3628.04,7590.76,489
PROD0858,Zen Product 0858,Grocery,UrbanX,2495.78,4140.60,285
PROD0859,Apex Product 0859,Fashion,Nova,1349.96,2126.75,77
PROD0860,StyleHub Product 0860,Electronics,UrbanX,3820.80,6776.77,173
PROD0861,UrbanX Product 0861,Home & Kitchen,PrimeLife,4638.61,6150.82,105
PROD0862,Zen Product 0862,Sports,HomeEase,1143.80,1443.38,319
PROD0863,TechPro Product 0863,Home & Kitchen,StyleHub,4015.56,6079.03,31
PROD0864,Apex Product 0864,Accessories,HomeEase,944.98,1126.35,436
PROD0865,FitMax Product 0865,Electronics,Nova,4513.84,6980.48,406
PROD0866,HomeEase Product 0866,Beauty,DailyChoice,3246.04,6021.60,291
PROD0867,HomeEase Product 0867,Grocery,FitMax,986.95,1976.59,9
PROD0868,Apex Product 0868,Beauty,UrbanX,277.67,488.35,314
PROD0869,Zen Product 0869,Beauty,Nova,3503.62,6572.43,101
PROD0870,Apex Product 0870,Grocery,StyleHub,3069.90,6215.89,117
PROD0871,Nova Product 0871,Beauty,PrimeLife,3095.46,6072.63,156
PROD0872,TechPro Product 0872,Accessories,PrimeLife,2463.08,3660.09,266
PROD0873,DailyChoice Product 0873,Beauty,Zen,3110.77,5450.36,497
PROD0874,UrbanX Product 0874,Books,DailyChoice,4378.79,6253.33,421
PROD0875,HomeEase Product 0875,Fashion,UrbanX,4764.81,8362.96,244
PROD0876,UrbanX Product 0876,Fashion,Apex,1788.09,2856.12,78
PROD0877,DailyChoice Product 0877,Sports,TechPro,2490.57,3839.06,159
PROD0878,Apex Product 0878,Accessories,Nova,1437.84,1930.65,90
PROD0879,DailyChoice Product 0879,Accessories,HomeEase,2116.77,3682.84,357
PROD0880,Zen Product 0880,Beauty,HomeEase,3999.85,7662.84,435
PROD0881,Apex Product 0881,Electronics,Nova,2182.45,3818.95,128
PROD0882,DailyChoice Product 0882,Electronics,StyleHub,2019.04,2468.66,488
PROD0883,UrbanX Product 0883,Home & Kitchen,HomeEase,4265.54,9045.26,13
PROD0884,StyleHub Product 0884,Beauty,TechPro,106.23,122.78,386
PROD0885,FitMax Product 0885,Grocery,StyleHub,4275.72,8890.55,285
PROD0886,PrimeLife Product 0886,Grocery,PrimeLife,988.90,1932.68,158
PROD0887,Nova Product 0887,Electronics,Zen,1445.11,1808.39,128
PROD0888,UrbanX Product 0888,Books,HomeEase,1871.88,2617.62,173
PROD0889,Zen Product 0889,Sports,HomeEase,4415.20,6695.28,397
PROD0890,Apex Product 0890,Electronics,Zen,4552.54,9586.81,419
PROD0891,DailyChoice Product 0891,Books,HomeEase,3339.77,7277.10,173
PROD0892,Apex Product 0892,Books,PrimeLife,2253.27,2797.49,438
PROD0893,Nova Product 0893,Sports,Zen,2629.03,4119.11,419
PROD0894,Nova Product 0894,Beauty,Apex,2943.97,3847.02,426
PROD0895,UrbanX Product 0895,Home & Kitchen,Nova,4774.55,6886.61,499
PROD0896,Nova Product 0896,Accessories,HomeEase,4848.92,10571.25,360
PROD0897,FitMax Product 0897,Home & Kitchen,StyleHub,4251.93,9284.72,42
PROD0898,UrbanX Product 0898,Accessories,Apex,2960.27,4871.85,398
PROD0899,FitMax Product 0899,Fashion,Apex,2014.60,2704.19,293
PROD0900,Apex Product 0900,Beauty,HomeEase,1228.37,2118.16,344
PROD0901,Nova Product 0901,Electronics,StyleHub,2718.83,4042.14,299
PROD0902,TechPro Product 0902,Grocery,TechPro,1793.59,3811.87,108
PROD0903,UrbanX Product 0903,Home & Kitchen,StyleHub,456.45,917.07,241
PROD0904,HomeEase Product 0904,Accessories,Apex,2433.48,3587.64,54
PROD0905,Apex Product 0905,Books,StyleHub,2898.32,3388.79,54
PROD0906,DailyChoice Product 0906,Sports,Nova,3095.44,6803.63,333
PROD0907,PrimeLife Product 0907,Books,Zen,461.69,862.21,215
PROD0908,Apex Product 0908,Sports,UrbanX,2467.24,3940.22,441
PROD0909,Zen Product 0909,Electronics,UrbanX,3313.97,4814.80,106
PROD0910,StyleHub Product 0910,Electronics,StyleHub,4809.21,5552.93,312
PROD0911,DailyChoice Product 0911,Beauty,DailyChoice,222.72,292.13,183
PROD0912,PrimeLife Product 0912,Electronics,StyleHub,3413.78,3946.89,129
PROD0913,TechPro Product 0913,Electronics,HomeEase,405.45,720.67,498
PROD0914,Nova Product 0914,Electronics,PrimeLife,878.33,1621.85,123
PROD0915,UrbanX Product 0915,Grocery,Apex,949.21,1855.83,417
PROD0916,PrimeLife Product 0916,Home & Kitchen,Zen,1711.47,2304.24,48
PROD0917,Zen Product 0917,Accessories,UrbanX,4173.37,5219.92,319
PROD0918,StyleHub Product 0918,Beauty,DailyChoice,4295.56,7873.68,252
PROD0919,StyleHub Product 0919,Grocery,HomeEase,1937.26,3244.70,342
PROD0920,Nova Product 0920,Grocery,DailyChoice,2213.38,4580.52,391
PROD0921,DailyChoice Product 0921,Electronics,DailyChoice,1163.45,1989.42,68
PROD0922,PrimeLife Product 0922,Grocery,StyleHub,2219.32,3588.78,441
PROD0923,PrimeLife Product 0923,Accessories,Apex,1446.69,2405.02,476
PROD0924,UrbanX Product 0924,Accessories,TechPro,956.92,1886.51,426
PROD0925,PrimeLife Product 0925,Electronics,Nova,876.49,1024.81,317
PROD0926,HomeEase Product 0926,Books,DailyChoice,3900.67,8246.49,376
PROD0927,Zen Product 0927,Books,HomeEase,673.04,1278.71,51
PROD0928,TechPro Product 0928,Grocery,UrbanX,3118.57,6485.24,32
PROD0929,UrbanX Product 0929,Sports,StyleHub,920.66,1986.40,19
PROD0930,FitMax Product 0930,Home & Kitchen,HomeEase,4205.41,5834.18,463
PROD0931,Nova Product 0931,Electronics,TechPro,1444.89,2539.04,228
PROD0932,Zen Product 0932,Home & Kitchen,HomeEase,319.98,531.28,186
PROD0933,FitMax Product 0933,Beauty,HomeEase,2315.16,3969.34,187
PROD0934,UrbanX Product 0934,Beauty,Apex,4999.01,5997.08,190
PROD0935,DailyChoice Product 0935,Books,Nova,4084.37,8616.73,111
PROD0936,TechPro Product 0936,Fashion,PrimeLife,2894.29,6229.72,183
PROD0937,TechPro Product 0937,Grocery,StyleHub,1028.25,1922.19,292
PROD0938,StyleHub Product 0938,Accessories,UrbanX,675.77,960.40,443
PROD0939,PrimeLife Product 0939,Grocery,Zen,4208.90,8319.17,361
PROD0940,Zen Product 0940,Accessories,Zen,3959.77,7592.42,360
PROD0941,PrimeLife Product 0941,Sports,Nova,2364.72,4146.11,471
PROD0942,TechPro Product 0942,Accessories,FitMax,2164.91,2876.63,306
PROD0943,Zen Product 0943,Fashion,StyleHub,3768.50,5129.82,284
PROD0944,PrimeLife Product 0944,Accessories,HomeEase,2726.58,4822.98,226
PROD0945,Zen Product 0945,Home & Kitchen,Zen,2080.43,2673.91,136
PROD0946,FitMax Product 0946,Sports,Apex,1333.43,2547.02,85
PROD0947,DailyChoice Product 0947,Books,HomeEase,700.56,962.03,467
PROD0948,Apex Product 0948,Electronics,Nova,3014.49,6348.53,295
PROD0949,PrimeLife Product 0949,Books,DailyChoice,4147.64,8688.11,451
PROD0950,StyleHub Product 0950,Books,Nova,3756.30,5477.75,170
PROD0951,PrimeLife Product 0951,Sports,TechPro,3511.96,4346.25,355
PROD0952,HomeEase Product 0952,Sports,PrimeLife,4651.38,8335.21,459
PROD0953,TechPro Product 0953,Accessories,TechPro,2033.13,3295.37,278
PROD0954,StyleHub Product 0954,Beauty,Nova,772.37,1004.77,358
PROD0955,HomeEase Product 0955,Fashion,Zen,599.55,1024.06,251
PROD0956,StyleHub Product 0956,Beauty,TechPro,4779.56,10478.52,7
PROD0957,TechPro Product 0957,Beauty,TechPro,2985.92,3650.08,73
PROD0958,HomeEase Product 0958,Fashion,PrimeLife,4072.89,5812.38,319
PROD0959,Zen Product 0959,Beauty,FitMax,2724.24,4673.56,150
PROD0960,StyleHub Product 0960,Sports,StyleHub,2052.62,4070.41,92
PROD0961,Zen Product 0961,Home & Kitchen,DailyChoice,1081.32,1264.82,375
PROD0962,FitMax Product 0962,Electronics,UrbanX,4296.40,8246.50,364
PROD0963,Zen Product 0963,Grocery,Zen,411.22,533.30,95
PROD0964,DailyChoice Product 0964,Electronics,PrimeLife,4511.14,9122.49,439
PROD0965,PrimeLife Product 0965,Grocery,HomeEase,1104.56,2073.02,141
PROD0966,Apex Product 0966,Grocery,UrbanX,146.70,239.02,79
PROD0967,Zen Product 0967,Beauty,UrbanX,609.10,1225.91,358
PROD0968,PrimeLife Product 0968,Fashion,Zen,4429.19,8502.72,239
PROD0969,Apex Product 0969,Sports,UrbanX,461.17,897.96,272
PROD0970,UrbanX Product 0970,Beauty,UrbanX,1840.68,2677.41,19
PROD0971,PrimeLife Product 0971,Sports,Apex,1326.55,2388.31,370
PROD0972,StyleHub Product 0972,Sports,Nova,280.59,364.25,11
PROD0973,FitMax Product 0973,Grocery,StyleHub,2704.19,5440.57,456
PROD0974,Apex Product 0974,Grocery,Nova,4991.83,8501.48,123
PROD0975,PrimeLife Product 0975,Books,Nova,4279.74,8628.50,121
PROD0976,TechPro Product 0976,Grocery,Apex,927.57,1272.36,327
PROD0977,PrimeLife Product 0977,Electronics,StyleHub,4433.15,5704.84,424
PROD0978,PrimeLife Product 0978,Home & Kitchen,PrimeLife,2313.79,4334.69,228
PROD0979,DailyChoice Product 0979,Accessories,StyleHub,1438.93,1743.00,84
PROD0980,TechPro Product 0980,Accessories,DailyChoice,3237.50,4552.52,489
PROD0981,HomeEase Product 0981,Home & Kitchen,TechPro,1161.80,2444.60,415
PROD0982,PrimeLife Product 0982,Fashion,Apex,4410.29,5686.61,420
PROD0983,FitMax Product 0983,Home & Kitchen,FitMax,3158.50,4877.78,365
PROD0984,TechPro Product 0984,Beauty,DailyChoice,766.51,1642.53,273
PROD0985,FitMax Product 0985,Electronics,Apex,2896.18,3391.44,28
PROD0986,UrbanX Product 0986,Electronics,Apex,2600.82,4207.04,134
PROD0987,DailyChoice Product 0987,Sports,UrbanX,2410.13,4761.89,39
PROD0988,UrbanX Product 0988,Beauty,DailyChoice,1888.38,3973.96,100
PROD0989,PrimeLife Product 0989,Beauty,HomeEase,2423.61,4659.04,375
PROD0990,PrimeLife Product 0990,Sports,Apex,2971.46,6188.99,133
PROD0991,Apex Product 0991,Books,Apex,3694.49,4381.99,403
PROD0992,PrimeLife Product 0992,Books,TechPro,4597.59,5769.38,310
PROD0993,FitMax Product 0993,Sports,Nova,317.48,611.03,439
PROD0994,Zen Product 0994,Electronics,HomeEase,2889.79,5609.07,328
PROD0995,StyleHub Product 0995,Accessories,Nova,3784.67,6757.66,180
PROD0996,Nova Product 0996,Grocery,Zen,666.22,1277.00,456
PROD0997,HomeEase Product 0997,Beauty,UrbanX,4566.34,9365.36,199
PROD0998,UrbanX Product 0998,Home & Kitchen,StyleHub,1300.45,2240.36,208
PROD0999,FitMax Product 0999,Home & Kitchen,Nova,4183.33,8971.95,87
PROD1000,Zen Product 1000,Grocery,FitMax,3343.83,6282.89,487
